{"cameraMode":{"drawMode":0,"name":"Shaded","section":"Shading Mode"},"sceneLighting":true,"audioPlay":false,"sceneViewState":{"showFog":true,"showMaterialUpdate":false,"showSkybox":true,"showFlares":true,"showImageEffects":true,"showParticleSystems":true},"in2DMode":false,"pivot":{"x":-4.734758377075195,"y":-6.421595573425293,"z":0.07314682006835938},"rotation":{"x":-0.13247011601924897,"y":0.8600487112998962,"z":-0.28197094798088076,"w":-0.40405476093292239},"size":29.218971252441408,"orthographic":false}