{"cameraMode":{"drawMode":0,"name":"Shaded","section":"Shading Mode"},"sceneLighting":true,"audioPlay":false,"sceneViewState":{"showFog":true,"showMaterialUpdate":false,"showSkybox":true,"showFlares":true,"showImageEffects":true,"showParticleSystems":true},"in2DMode":false,"pivot":{"x":-29.924232482910158,"y":17.783855438232423,"z":5.57767391204834},"rotation":{"x":-0.14383406937122346,"y":-0.7249426245689392,"z":0.15930768847465516,"w":-0.6545159220695496},"size":84.65625762939453,"orthographic":false}